,US,US,Australia,Australia,New Zealand,New Zealand
,Xero,QuickBooks,Xero,QuickBooks,Xero,QuickBooks
date,,,,,,
2021-10-03,3,50,48,6,52,1
2021-10-10,3,50,53,6,49,0
2021-10-17,3,49,48,6,50,0
2021-10-24,3,50,53,6,47,0
2021-10-31,3,50,54,6,55,1
2021-11-07,3,50,51,6,47,0
2021-11-14,3,49,53,7,49,0
2021-11-21,3,35,52,6,52,0
2021-11-28,4,54,52,6,54,0
2021-12-05,3,50,48,6,54,0
2021-12-12,3,53,52,5,51,0
2021-12-19,3,41,39,5,41,0
2021-12-26,3,46,21,3,20,0
2022-01-02,3,75,38,4,32,0
2022-01-09,3,76,49,6,54,0
2022-01-16,3,74,50,6,54,0
2022-01-23,3,77,46,6,56,0
2022-01-30,3,81,57,6,59,2
2022-02-06,3,75,57,7,56,0
2022-02-13,4,71,54,7,57,0
2022-02-20,4,70,54,7,60,0
2022-02-27,4,70,61,7,58,0
2022-03-06,4,73,51,6,54,0
2022-03-13,4,69,48,6,54,0
2022-03-20,4,65,50,6,55,1
2022-03-27,4,69,62,7,67,0
2022-04-03,4,76,64,7,67,1
2022-04-10,3,73,54,6,59,0
2022-04-17,4,67,53,7,57,0
2022-04-24,4,64,63,7,60,0
2022-05-01,4,67,62,7,72,0
2022-05-08,4,66,70,7,70,1
2022-05-15,4,66,61,7,67,0
2022-05-22,5,67,66,8,64,1
2022-05-29,4,65,66,8,70,0
2022-06-05,4,70,65,7,63,1
2022-06-12,4,68,65,7,69,0
2022-06-19,4,64,70,8,64,1
2022-06-26,4,66,84,9,76,1
2022-07-03,4,62,82,9,68,0
2022-07-10,4,70,78,8,65,0
2022-07-17,4,69,72,8,67,0
2022-07-24,4,68,76,8,63,0
2022-07-31,4,71,70,7,70,0
2022-08-07,4,67,70,7,70,0
2022-08-14,4,67,70,8,67,1
2022-08-21,4,66,67,8,66,0
2022-08-28,4,68,73,7,67,0
2022-09-04,5,62,66,7,62,1
2022-09-11,5,68,66,7,60,0
2022-09-18,5,61,52,6,62,0
2022-09-25,5,61,70,7,53,0
2022-10-02,5,67,66,7,63,0
2022-10-09,4,67,71,7,65,1
2022-10-16,4,62,66,7,63,1
2022-10-23,4,60,72,7,62,0
2022-10-30,4,65,66,7,61,0
2022-11-06,4,60,69,6,65,1
2022-11-13,4,62,66,7,61,0
2022-11-20,4,46,67,7,59,0
2022-11-27,4,67,66,7,66,1
2022-12-04,4,70,63,7,60,0
2022-12-11,4,73,63,7,60,2
2022-12-18,4,60,56,6,59,0
2022-12-25,4,62,26,3,22,0
2023-01-01,4,81,39,4,30,0
2023-01-08,4,89,54,6,47,0
2023-01-15,4,84,67,7,51,1
2023-01-22,4,91,55,6,55,1
2023-01-29,4,89,68,7,60,0
2023-02-05,4,84,74,7,56,0
2023-02-12,4,79,67,7,57,1
2023-02-19,4,76,74,8,62,0
2023-02-26,5,81,71,8,66,0
2023-03-05,5,79,69,7,77,1
2023-03-12,5,83,61,6,68,0
2023-03-19,4,72,58,6,64,0
2023-03-26,4,75,65,6,67,1
2023-04-02,4,77,57,6,62,1
2023-04-09,5,77,57,6,64,0
2023-04-16,4,71,66,7,70,0
2023-04-23,5,64,59,6,60,1
2023-04-30,5,67,67,7,68,1
2023-05-07,5,66,67,6,65,0
2023-05-14,5,68,69,7,68,1
2023-05-21,4,68,72,7,65,1
2023-05-28,4,67,69,7,73,0
2023-06-04,4,67,67,6,59,1
2023-06-11,4,67,63,6,61,0
2023-06-18,5,67,71,7,65,0
2023-06-25,6,70,82,8,68,0
2023-07-02,6,60,83,9,62,1
2023-07-09,5,71,80,8,53,0
2023-07-16,5,68,75,8,68,0
2023-07-23,5,69,72,8,62,0
2023-07-30,5,70,74,7,64,0
2023-08-06,5,68,69,7,62,0
2023-08-13,5,64,67,6,58,0
2023-08-20,5,65,68,7,62,0
2023-08-27,5,65,70,6,64,0
2023-09-03,5,65,67,6,58,0
2023-09-10,4,68,62,6,55,0
2023-09-17,5,65,63,6,56,0
2023-09-24,4,64,59,6,60,0
2023-10-01,5,68,60,7,66,0
2023-10-08,5,65,65,6,59,0
2023-10-15,6,63,58,6,56,0
2023-10-22,5,61,63,6,58,0
2023-10-29,5,65,64,7,61,0
2023-11-05,6,63,55,6,53,0
2023-11-12,5,62,61,7,52,0
2023-11-19,6,44,57,6,53,0
2023-11-26,5,64,65,6,55,0
2023-12-03,5,70,63,6,60,1
2023-12-10,4,70,58,5,55,0
2023-12-17,4,63,53,5,54,0
2023-12-24,4,56,26,2,23,0
2023-12-31,5,77,36,4,25,0
2024-01-07,5,88,55,6,48,0
2024-01-14,5,88,57,6,55,0
2024-01-21,5,93,54,5,53,1
2024-01-28,5,97,70,6,63,1
2024-02-04,5,89,65,7,53,0
2024-02-11,5,78,68,7,59,0
2024-02-18,5,76,67,6,63,0
2024-02-25,5,81,67,7,65,0
2024-03-03,5,81,58,6,59,0
2024-03-10,6,80,58,6,57,0
2024-03-17,5,74,58,6,63,0
2024-03-24,5,77,54,5,59,0
2024-03-31,6,77,59,5,64,0
2024-04-07,5,78,63,6,65,0
2024-04-14,6,77,65,7,58,1
2024-04-21,5,68,57,6,53,1
2024-04-28,5,70,67,7,68,0
2024-05-05,5,71,55,5,61,0
2024-05-12,5,68,61,5,54,0
2024-05-19,5,70,59,7,64,0
2024-05-26,5,63,66,6,57,0
2024-06-02,5,75,58,6,60,0
2024-06-09,5,69,57,6,60,0
2024-06-16,5,66,68,6,64,1
2024-06-23,5,72,73,7,51,0
2024-06-30,5,61,83,8,59,0
2024-07-07,5,73,75,7,55,0
2024-07-14,5,67,77,7,51,0
2024-07-21,5,69,66,7,51,1
2024-07-28,5,69,100,6,85,0
2024-08-04,5,68,63,6,58,1
2024-08-11,5,66,66,6,53,0
2024-08-18,6,70,65,6,56,0
2024-08-25,6,67,63,6,58,0
2024-09-01,5,65,66,6,59,0
2024-09-08,5,68,61,5,54,0
2024-09-15,5,63,59,6,56,0
2024-09-22,5,62,57,5,54,0
2024-09-29,9,68,76,6,70,0
2024-10-06,7,64,58,5,57,1
2024-10-13,7,61,65,6,56,0
2024-10-20,5,59,61,6,56,0
2024-10-27,5,61,62,6,55,0
2024-11-03,4,58,58,5,51,1
2024-11-10,5,62,60,5,53,0
2024-11-17,5,61,62,6,55,0
2024-11-24,6,45,61,5,53,0
2024-12-01,6,68,61,5,60,0
2024-12-08,5,68,62,5,60,0
2024-12-15,5,70,59,5,57,0
2024-12-22,4,48,28,3,24,0
2024-12-29,5,73,34,3,28,0
2025-01-05,5,87,56,5,42,0
2025-01-12,7,94,61,6,56,0
2025-01-19,6,93,66,6,55,0
2025-01-26,5,96,62,5,55,0
2025-02-02,5,88,70,6,53,0
2025-02-09,5,81,68,6,62,0
2025-02-16,6,86,67,6,62,0
2025-02-23,6,84,75,7,68,0
2025-03-02,6,85,62,6,60,0
2025-03-09,6,80,63,6,62,0
2025-03-16,5,74,62,6,61,0
2025-03-23,6,71,62,6,65,0
2025-03-30,6,78,70,6,79,0
2025-04-06,6,78,67,6,66,1
2025-04-13,5,67,52,5,57,0
2025-04-20,5,67,48,5,48,0
2025-04-27,6,64,80,6,68,0
2025-05-04,6,65,64,5,66,1
2025-05-11,6,67,71,6,68,0
2025-05-18,6,67,68,6,67,0
2025-05-25,6,61,74,6,66,1
2025-06-01,7,71,68,6,66,0
2025-06-08,7,73,61,5,65,0
2025-06-15,7,70,72,6,57,0
2025-06-22,8,68,85,6,71,0
2025-06-29,7,68,95,7,70,1
2025-07-06,8,76,83,7,67,1
2025-07-13,8,78,81,7,71,1
2025-07-20,9,83,79,8,74,1
2025-07-27,9,83,80,7,72,1
2025-08-03,9,78,76,7,70,1
2025-08-10,9,74,67,6,67,1
2025-08-17,8,75,69,6,68,1
2025-08-24,8,80,75,6,63,2
2025-08-31,8,73,70,5,68,1
2025-09-07,7,75,71,5,61,3
2025-09-14,8,74,68,6,65,2
2025-09-21,8,75,65,5,65,2
2025-09-28,8,78,71,6,69,2
2025-10-05,7,75,65,6,68,1
2025-10-12,7,75,74,6,66,1
2025-10-19,7,73,93,6,95,1
2025-10-26,8,70,75,6,66,2
2025-11-02,9,73,66,6,63,1
2025-11-09,8,77,73,6,65,1
2025-11-16,8,66,64,6,65,2
2025-11-23,9,49,62,6,57,1
2025-11-30,9,68,64,7,63,0
2025-12-07,9,71,57,6,56,2
2025-12-14,8,67,60,5,61,2
2025-12-21,7,51,34,3,33,2
2025-12-28,7,65,35,3,30,1
2026-01-04,8,85,53,5,43,2
2026-01-11,9,87,61,6,57,2
2026-01-18,9,83,64,6,60,1
2026-01-25,9,87,61,6,53,2
2026-02-01,9,85,69,6,59,2
2026-02-08,9,80,67,6,64,1
2026-02-15,10,88,64,6,73,3
2026-02-22,11,89,69,7,77,3
2026-03-01,11,100,73,6,74,3
2026-03-08,10,93,78,5,69,2
2026-03-15,12,88,71,6,69,4
2026-03-22,11,87,65,6,71,3
2026-03-29,15,92,65,7,70,3
2026-04-05,18,95,70,6,72,3
2026-04-12,19,91,74,6,76,3
2026-04-19,15,79,74,7,72,2
2026-04-26,13,86,73,7,76,3
2026-05-03,13,83,85,7,100,3
2026-05-10,19,90,83,7,92,4
2026-05-17,17,77,74,6,76,4
2026-05-24,13,77,74,6,74,3
2026-05-31,17,89,79,7,74,3
2026-06-07,19,90,68,7,73,2
2026-06-14,14,76,74,6,74,2
2026-06-21,18,96,80,7,80,3
2026-06-28,13,77,95,8,79,3
2026-07-05,15,97,87,8,64,3
2026-07-12,11,75,86,6,69,2
2026-07-19,13,83,85,7,76,3
2026-07-26,11,74,80,6,75,3
2026-08-02,10,74,80,6,72,3
2026-08-09,10,75,75,6,75,2
2026-08-16,10,74,78,6,75,2
2026-08-23,10,69,74,6,71,3
2026-08-30,9,74,71,5,68,1
2026-09-06,8,57,69,5,54,1
2026-09-13,6,59,61,4,52,2
2026-09-20,6,53,58,3,49,1
